{
    "adder": {
        "speedup": {
            "0": 1.904394,
            "1": 1.822218,
            "2": 1.910491
        },
        "fidelity_difference": {
            "0": 0.011971000000000065,
            "1": 0.005558000000000063,
            "2": 0.0005979999999999874
        }
    },
    "bv": {
        "speedup": {
            "0": 1.915137,
            "1": 1.904625
        },
        "fidelity_difference": {
            "0": 0.01827000000000001,
            "1": 0.017929000000000084
        }
    },
    "mul": {
        "speedup": {},
        "fidelity_difference": {}
    },
    "qaoa": {
        "speedup": {
            "0": 1.920253,
            "1": 1.925173
        },
        "fidelity_difference": {
            "0": 0.017597000000000085,
            "1": 0.013674999999999993
        }
    },
    "qft": {
        "speedup": {},
        "fidelity_difference": {}
    },
    "qpe": {
        "speedup": {
            "0": 1.910179,
            "1": 1.904226
        },
        "fidelity_difference": {
            "0": 0.013016999999999945,
            "1": 0.002834000000000003
        }
    },
    "qsc": {
        "speedup": {
            "0": 1.941896
        },
        "fidelity_difference": {
            "0": 0.01618300000000006
        }
    },
    "qv": {
        "speedup": {},
        "fidelity_difference": {}
    }
}